parentReference.id,Ratio in %
57018.0,0.4847727061749949
57031.0,0.4545733981025773
57024.0,0.4179549963630988
89975.0,0.3949570996459639
89962.0,0.32961950676560386
